Real,Predicted
0.0,0.12119427
0.0,0.12119427
0.0,0.12119427
0.0,0.12119427
0.0,0.12119427
0.0,0.12119427
0.0,0.12119428
0.0,0.12119428
0.0,0.12119428
