Real,Predicted
0.0,0.27952427
0.0,0.27952427
0.0,0.27952427
0.0,0.27952427
0.0,0.27952427
0.0,0.27952427
0.0,0.27952424
0.0,0.27952424
0.0,0.27952424
