Real,Predicted
0.5,0.4324312
0.5,0.4510898
0.5,0.47020844
0.5,0.48935083
