Real,Predicted
0.5,0.4324163
0.5,0.4521984
0.5,0.47283408
0.5,0.4938857
