Real,Predicted
0.5,0.3784653
0.5,0.3910653
0.5,0.40441006
0.5,0.4182201
