Real,Predicted
0.0,0.016025793
0.0,0.016025793
0.0,0.016025793
0.0,0.016025793
0.0,0.016025793
0.0,0.016025793
0.0,0.016025795
0.0,0.016025795
0.0,0.016025795
