Real,Predicted
0.0,0.02023099
0.0,0.02023099
0.0,0.02023099
0.0,0.02023099
0.0,0.02023099
0.0,0.02023099
0.0,0.02023099
0.0,0.02023099
0.0,0.02023099
