Real,Predicted
0.0,0.0077232867
0.0,0.0077232867
0.0,0.0077232867
0.0,0.0077232867
0.0,0.0077232867
0.0,0.0077232867
0.0,0.007723283
0.0,0.007723283
0.0,0.007723283
