Real,Predicted
0.0,0.039006125
0.0,0.039006125
0.0,0.039006125
0.0,0.039006125
0.0,0.039006125
0.0,0.039006125
0.0,0.03900613
0.0,0.03900613
0.0,0.03900613
