Real,Predicted
0.0,0.0080277175
0.0,0.0080277175
0.0,0.0080277175
0.0,0.0080277175
0.0,0.0080277175
0.0,0.0080277175
0.0,0.0080277175
0.0,0.0080277175
0.0,0.0080277175
