Real,Predicted
0.0,0.2774262
0.0,0.2774262
0.0,0.2774262
0.0,0.2774262
0.0,0.2774262
0.0,0.2774262
0.0,0.2774262
0.0,0.2774262
0.0,0.2774262
