Real,Predicted
0.0,0.27587208
0.0,0.27587208
0.0,0.27587208
0.0,0.27587208
0.0,0.27587208
0.0,0.27587208
0.0,0.27587208
0.0,0.27587208
0.0,0.27587208
