Real,Predicted
0.0,0.26594037
0.0,0.26594037
0.0,0.26594037
0.0,0.26594037
0.0,0.26594037
0.0,0.26594037
0.0,0.26594037
0.0,0.26594037
0.0,0.26594037
