Real,Predicted
0.5,0.3904581
0.5,0.40466824
0.5,0.41870153
0.5,0.4321847
