Real,Predicted
0.5,0.30049837
0.5,0.31897628
0.5,0.332547
0.5,0.344732
