Real,Predicted
0.5,0.39351138
0.5,0.39383906
0.5,0.39823326
0.5,0.40440005
