Real,Predicted
0.5,0.38154513
0.5,0.39437076
0.5,0.40779206
0.5,0.4215284
