Real,Predicted
0.0,0.031727232
0.0,0.031727232
0.0,0.031727232
0.0,0.031727232
0.0,0.031727232
0.0,0.031727232
0.0,0.03172724
0.0,0.03172724
0.0,0.03172724
