Real,Predicted
0.0,0.04158692
0.0,0.04158692
0.0,0.04158692
0.0,0.04158692
0.0,0.04158692
0.0,0.04158692
0.0,0.041586954
0.0,0.041586954
0.0,0.041586954
