Real,Predicted
0.5,0.40140027
0.5,0.41880208
0.5,0.43635783
0.5,0.45360458
