Real,Predicted
0.5,0.36692458
0.5,0.36762178
0.5,0.3688212
0.5,0.36902916
