Real,Predicted
0.5,0.4448585
0.5,0.44630182
0.5,0.44810545
0.5,0.4480632
