Real,Predicted
0.5,0.43915537
0.5,0.45448533
0.5,0.47068283
0.5,0.48738447
