Real,Predicted
0.5,0.40658396
0.5,0.42089802
0.5,0.43571168
0.5,0.45069128
