Real,Predicted
0.9202279202279203,0.80245614
1.0000000000000002,0.8562123
0.0,0.78830165
