Real,Predicted
1.0,0.21289341
0.35847986386840613,0.17719282
0.3471355643788996,0.2230224
0.07657402155416904,0.22213547
0.33976176971072036,0.13016626
0.33749290981281904,0.19487505
