Real,Predicted
0.0,0.04455553
0.3777651730005672,0.16672988
0.0,0.18289815
0.40726035167328417,0.23166181
0.45830969937606353,0.48047614
0.0,0.041026667
0.37322745320476464,0.104487196
0.0,0.050332554
0.0,0.2816006
0.4089619965967102,0.17771025
0.4015882019285309,0.10529253
0.0,0.22219752
0.0,0.19162464
0.049914917753828704,0.05075945
0.4027226318774816,0.24240421
0.0,0.2501393
0.16562677254679525,0.52630615
