Real,Predicted
0.32934131736526945,0.19886786
0.0,0.33939645
0.0,0.27711886
0.3904191616766467,0.1612435
0.4155688622754491,0.16685563
0.39999999999999997,0.14376074
0.0,0.30119044
0.0,0.11014524
0.37365269461077844,0.34150362
0.0,0.11108108
0.0,0.16806817
0.0,0.35675073
0.0,0.28568888
0.0,0.12276295
0.3586826347305389,0.3303079
0.3958083832335329,0.26224583
0.4089820359281437,0.29174736
