Real,Predicted
0.0,0.7215431
0.0,0.44646406
0.0,0.71394044
0.0,0.62170315
0.11545293072824155,0.71137
0.39017169923031375,0.45027173
0.26050917702782705,0.46970075
0.0,0.6369043
0.3883955002960331,0.57862866
0.4239194789816459,0.3005617
0.0,0.2958129
1.0,0.38943708
0.35523978685612784,0.52217025
0.3576080521018354,0.2926777
