Real,Predicted
0.0,0.5086355
0.8972222222222223,0.4385297
0.0,0.49885947
0.9152777777777777,0.35777187
0.0,0.3090556
