Real,Predicted
0.37322745320476464,0.5250376
0.0,0.4340886
0.0,0.44590062
0.4089619965967102,0.37523296
0.4015882019285309,0.36612985
0.0,0.42034966
0.0,0.35783243
0.049914917753828704,0.3859698
0.4027226318774816,0.44502938
0.0,0.37654316
0.16562677254679525,0.36574003
