Real,Predicted
0.7600487210718635,0.20419665
0.861144945188794,0.21282163
0.0,0.18668076
0.5578562728380023,0.21123734
0.7978075517661387,0.21552254
0.7978075517661387,0.095311865
