Real,Predicted
0.8702290076335878,0.21054037
0.0,0.24804707
0.37110980622431,0.19938765
0.0,0.21372227
0.27480916030534347,0.23875205
0.5613623018203171,0.2500319
