Real,Predicted
0.0,0.014235556
0.22476813966175666,0.5820288
0.18657937806873975,0.32243192
0.961811238406983,0.44171894
0.0,0.39125675
0.0,0.4858714
0.7697763229678122,0.6042378
0.0,0.5478821
0.961811238406983,0.4910047
0.0,0.42101303
0.961811238406983,0.5250607
0.0,0.15647778
0.0,0.4366229
0.0,0.2715192
0.9290780141843971,0.5116885
0.961811238406983,0.49345532
0.961811238406983,0.3769529
0.961811238406983,0.1559561
0.0,-0.048766926
0.0,0.40789667
