Real,Predicted
0.0,0.19003451
0.4095292115711855,0.069889575
0.6715825297787863,0.116809316
0.3562110039705048,0.39074302
0.0,0.15086383
0.0,0.31133312
0.049914917753828704,0.18054205
0.0,0.21851575
0.0,0.17226377
0.0,0.17194998
1.0,0.14812186
0.35847986386840613,0.074256934
0.3471355643788996,0.1007546
0.07657402155416904,0.010842808
0.33976176971072036,0.18625894
0.33749290981281904,0.23290172
