Real,Predicted
0.4117980714690868,0.050402384
0.3403289846851957,0.20266841
0.5082246171298923,0.21273853
0.32444696539988654,0.252775
1.0,0.25228757
