Real,Predicted
0.4967490247074122,0.21033469
0.0,0.15711942
0.13263979193758127,-0.020358961
0.41937581274382313,0.11318678
0.4213263979193758,0.059026998
0.0,0.038511235
0.47854356306892065,0.04184914
0.4395318595578674,0.24096224
0.09622886866059818,0.1584571
0.47984395318595574,0.014878873
0.04291287386215864,0.07547358
0.05721716514954486,0.24075457
0.3159947984395319,0.26168576
0.19505851755526657,0.27674374
0.4083224967490247,0.32387564
0.0,0.33464745
0.0,0.30845007
0.0,0.2949609
