Real,Predicted
0.19398752127056157,0.38789353
0.0,0.43454024
0.4027226318774816,0.4166369
0.049914917753828704,0.38853967
0.0,0.41982135
0.3828701077708452,0.42003724
0.3630175836642087,0.48417857
0.34770277935337496,0.3874103
0.0,0.42904985
0.0,0.36249077
0.3641520136131594,0.3558353
0.4027226318774816,0.43010405
0.049914917753828704,0.51286197
