Real,Predicted
0.3289846851956892,-0.0047320053
1.0,-0.09780491
0.0,0.06448316
0.0,0.10563361
0.37833238797504254,0.16899636
0.3709585933068633,0.1009107
0.0,-0.004350297
0.0,0.12731239
0.0,0.038417228
0.0,-0.029511563
0.33125354509359045,0.29770884
0.0,0.1264168
0.29325014180374365,0.11862195
0.4106636415201361,0.16891593
0.3754963131026659,0.17340249
