Real,Predicted
0.0,0.06609597
0.0,-0.0817093
0.0,0.16633692
0.0,0.09489413
0.33125354509359045,0.0007654354
0.0,-0.1223625
0.29325014180374365,-0.1314418
0.4106636415201361,-0.15178081
0.3754963131026659,-0.14417827
