Real,Predicted
0.3417498532002349,0.09392604
0.0,0.0072318614
0.34116265413975333,0.024047926
0.3969465648854962,0.058671996
0.3775689958896066,-0.06436951
0.0,-0.19062294
0.0,-0.22502239
0.0,-0.19878449
0.051673517322372284,-0.028018653
0.3969465648854962,0.10314123
0.42102172636523777,0.21264647
0.3869641808573106,0.107990064
0.0,-0.34967923
0.43394010569583086,-0.05883135
0.0,-0.12127663
