Real,Predicted
0.08394781622234829,0.3235346
0.0,0.3602864
0.24957458876914354,0.26110327
0.0,0.072937235
0.33749290981281904,0.33034804
0.3760635280771413,0.38429877
0.0,0.33837014
0.3970504821327283,0.32933798
0.0,0.4419667
0.049914917753828704,0.30233082
0.18037436188315373,0.20247965
0.0,0.34644675
1.0,-0.065368116
