Real,Predicted
0.05269461077844311,0.40337548
0.2994011976047904,0.47485998
0.0,0.3662747
0.34251497005988024,0.38724306
0.0,0.3643085
0.0,0.4133248
0.37365269461077844,0.38669592
0.4233532934131736,0.36487472
0.0,0.4076595
0.274251497005988,0.35810298
0.39221556886227543,0.36015004
0.39221556886227543,0.49883902
