Real,Predicted
0.0,0.4675108
0.4515449438202247,0.22184043
0.41713483146067415,0.30019313
0.4536516853932584,0.20375781
0.5203651685393258,0.4685167
0.5203651685393258,0.28047964
0.0,0.34643462
0.3890449438202247,0.35244212
0.11797752808988765,0.33269534
0.46067415730337075,0.22531787
0.31179775280898875,0.2538217
0.0,0.44223934
0.0,0.36524498
1.0,0.28378552
