Real,Predicted
0.4461028192371476,-0.013826676
0.0,-0.04294548
0.4809286898839138,-0.13043293
0.0,-0.18755808
0.0,-0.24862146
0.054726368159203974,-0.13748246
0.5580431177446104,-0.26182893
0.0,-0.20675936
0.5356550580431177,-0.25553465
0.0,-0.27109998
0.5464344941956882,-0.063366085
0.0,-0.05837079
