Real,Predicted
0.9042253521126761,0.66002965
1.0,0.67286056
0.12394366197183099,0.66999775
