Real,Predicted
0.41807542262678804,0.10809168
0.19245773732119636,-0.03193106
0.0,-0.122320265
0.4967490247074122,-0.0498865
0.08972691807542263,-0.11673525
0.0,-0.050753627
0.09622886866059818,0.08718279
0.0,-0.068425834
0.42002600780234073,-0.0949505
0.4434330299089727,0.0067164563
0.4096228868660598,0.05186188
0.0,-0.036343995
0.0,-0.12267929
0.0,-0.06276646
