Real,Predicted
0.3579126488939308,0.17781363
0.3482699943278503,0.12884736
0.0,0.20977923
0.5479296653431651,0.22094724
0.0,0.10884854
0.0,0.25153813
0.0,0.21897362
0.4038570618264322,0.1487566
0.0,0.18145852
0.6630743051616563,0.18474728
0.3017583664208735,0.24074337
0.0,0.26956937
0.0,0.25002503
0.0,0.10149099
0.0,0.16462284
0.7430516165626774,0.16695374
0.0,0.13199604
0.0,0.22228494
1.0,0.15453884
0.0,0.23847604
