Real,Predicted
0.5720640569395017,0.26444837
0.0,0.21601382
0.0,0.22387859
0.0,0.22540274
0.07829181494661921,0.22065297
0.6014234875444839,0.2824539
0.6379003558718861,0.2755176
0.5862989323843417,0.2048057
0.0,0.21125269
0.657473309608541,0.20986962
0.0,0.22729617
0.04982206405693951,0.21487221
