Real,Predicted
0.9633507853403142,0.6067046
0.8848167539267016,0.6399786
0.193717277486911,0.5984718
0.9659685863874347,0.6590112
0.08638743455497383,0.48299682
0.11518324607329844,0.52532077
0.6361256544502618,0.58657277
0.39267015706806285,0.676092
0.8219895287958116,0.6002964
0.0,0.5721362
0.0,0.60457087
0.0,0.5567719
