Real,Predicted
0.0,0.27667594
0.0,0.21678828
0.393724097098875,0.2066691
0.0,0.2983808
0.1172291296625222,0.3924411
0.34103019538188273,0.25144958
0.0,0.3370673
0.0,0.32850212
0.0,0.2660069
0.0,0.31056124
0.11545293072824155,0.2951643
0.39017169923031375,0.20532022
0.26050917702782705,0.2087122
0.0,0.2360944
0.3883955002960331,0.43790972
0.4239194789816459,0.3267519
0.0,0.32466704
1.0,0.32450897
0.35523978685612784,0.31683308
0.3576080521018354,0.28047878
