Real,Predicted
0.0,0.5528208
0.08735110606920024,0.59081024
0.3811684628474192,0.6092883
0.0,0.62038404
0.0,0.62706274
0.0,0.604499
1.0,0.6185284
