Real,Predicted
0.23028927963698245,-0.085966855
0.0714690867838911,0.09683588
0.0,0.18382418
0.0,-0.047734592
0.0,0.17286861
0.3102665910380034,-0.0034834184
0.19171866137266025,0.18595001
0.48553601815087916,-0.011147205
0.4055587067498582,-0.020500544
0.4117980714690868,-0.008087624
0.3403289846851957,0.1523292
0.5082246171298923,0.18530087
0.32444696539988654,0.14131874
1.0,0.11971678
