Real,Predicted
0.8866995073891626,0.6401253
0.7881773399014779,0.46539152
0.8214285714285714,0.59546715
0.8399014778325123,0.6104985
0.0,0.5228203
0.18226600985221675,0.57184356
0.0,0.62135744
0.791871921182266,0.6943115
0.7955665024630542,0.5917829
0.8645320197044335,0.498519
0.0,0.52704674
