Real,Predicted
0.8926701570680629,0.30769455
0.824607329842932,0.18942338
0.0,0.52661335
0.0,0.53323114
0.0,0.37866426
