Real,Predicted
0.0,0.43021303
0.0,0.45328856
0.7600487210718635,0.40516633
0.0,0.51442015
0.0,0.59555113
0.0,0.49835745
0.0,0.550445
0.0,0.60075307
0.7295980511571254,0.50775886
0.8051157125456759,0.51842606
0.8319123020706455,0.4916232
0.09013398294762483,0.504277
