Real,Predicted
0.264,0.22589487
0.2871111111111111,0.07462618
0.32933333333333337,0.23278576
0.32933333333333337,0.26380917
0.0,0.22219573
0.24622222222222223,0.23377113
0.07466666666666667,0.21472777
0.29155555555555557,0.2135001
0.19733333333333333,0.24319166
0.0,0.23206383
0.0,0.24720691
0.632888888888889,0.24611017
