Real,Predicted
0.37169700528479155,0.15101361
0.33705226071638283,-0.11595127
0.40751614797416325,-0.14001393
0.0,-0.09641418
0.0,-0.0051949583
0.3775689958896066,-0.15387347
0.8702290076335878,-0.13456711
0.0,0.17621964
0.37110980622431,0.03374243
0.0,0.1769538
0.27480916030534347,-0.03171106
0.5613623018203171,-0.21817833
