Real,Predicted
0.0,0.22724143
0.46851956891661944,0.26305082
0.1123085649461146,0.046352092
0.049914917753828704,0.05278035
0.08394781622234829,0.04320619
0.0,0.15597248
0.24957458876914354,-0.01791003
0.0,0.40868416
0.33749290981281904,0.37269112
0.3760635280771413,0.3142021
0.0,0.27143776
0.3970504821327283,0.22720459
0.0,0.27035433
0.049914917753828704,0.21248311
0.18037436188315373,0.2576271
0.0,0.23795548
1.0,0.21962586
