Real,Predicted
0.0,0.567067
0.7634713556437891,0.5811493
0.5479296653431651,0.5150089
0.0,0.38397488
0.0,0.46743628
0.0,0.5686733
0.09529211571185481,0.34151718
0.0,0.44165966
0.08735110606920024,0.42387
0.3811684628474192,0.42186224
0.0,0.47126123
0.0,0.51730984
0.0,0.5242096
1.0,0.49991557
