Real,Predicted
0.0,0.3717321
0.0,0.40095615
