Real,Predicted
0.0668824163969795,0.21600369
