Real,Predicted
0.03207385552488817,0.2152774
0.9999999999999999,0.21245275
0.03207385552488817,0.120861664
