Real,Predicted
0.46998867497168745,0.3333043
0.0,0.32675838
