Real,Predicted
0.13658536585365855,0.38690817
0.19317073170731708,0.34744322
