Real,Predicted
0.254957507082153,0.3337335
0.254957507082153,0.34093976
0.0,0.3342832
0.254957507082153,0.3274569
0.254957507082153,0.32566962
0.254957507082153,0.32911184
