Real,Predicted
0.0,0.15548584
0.0,0.1590341
0.15909090909090906,0.1651581
