Real,Predicted
0.4102285092491839,0.30155492
0.0,0.30010158
0.4102285092491839,0.3005114
