Real,Predicted
0.9952026167544974,0.18012044
0.008395420679629293,0.15695107
