Real,Predicted
0.3776223776223776,0.2673598
